member_id,name,age,gender,village,district,state
1,Madhav Seth,48,Female,Rewa,Nagaland,Madhya Pradesh
2,Yuvaan Gera,34,Female,Bilaspur,Arunachal Pradesh,Meghalaya
3,Anika Kar,27,Female,Danapur,West Bengal,Mizoram
4,Arnav Kota,40,Female,Ludhiana,Manipur,Odisha
5,Advika Badal,38,Female,Patna,Tamil Nadu,Punjab
6,Arnav Kadakia,42,Male,Kishanganj,Mizoram,Punjab
7,Mohanlal Johal,30,Male,Pune,Uttar Pradesh,Karnataka
8,Myra Ramaswamy,30,Female,Alwar,Tamil Nadu,Meghalaya
9,Misha Wason,43,Female,Aurangabad,Assam,Uttarakhand
10,Inaaya  Venkataraman,43,Female,Bangalore,Goa,Madhya Pradesh
11,Alia Gopal,22,Female,Gwalior,Goa,Meghalaya
12,Aniruddh Apte,41,Male,Sangli-Miraj & Kupwad,Maharashtra,Uttarakhand
13,Tara Gera,21,Female,Medininagar,Odisha,Manipur
14,Darshit Das,43,Female,Junagadh,Odisha,Kerala
15,Anvi Jaggi,49,Female,Pudukkottai,Telangana,Haryana
16,Manikya Loke,21,Female,Bahraich,Goa,Nagaland
17,Gatik Mani,40,Female,Belgaum,Meghalaya,Haryana
18,Adira Toor,52,Male,Karimnagar,Maharashtra,Maharashtra
19,Anahi Rout,31,Female,Dharmavaram,Kerala,West Bengal
20,Hridaan Bobal,41,Female,Jalandhar,Uttarakhand,Sikkim
21,Manjari Bedi,44,Female,Katni,Odisha,Bihar
22,Indranil Chandran,46,Male,New Delhi,Haryana,Goa
23,Mannat Rajan,47,Male,Parbhani,Manipur,Goa
24,Jayant Dubey,35,Female,Bidar,Maharashtra,Meghalaya
25,Raunak Ravi,34,Female,Nanded,Meghalaya,Gujarat
26,Azad Agarwal,22,Female,Morbi,Gujarat,Rajasthan
27,Kabir Tata,26,Female,Bhavnagar,Andhra Pradesh,Telangana
28,Prerak Ghosh,40,Male,Kanpur,Chhattisgarh,Arunachal Pradesh
29,Urvi Agrawal,28,Female,Vellore,Odisha,Andhra Pradesh
30,Aradhya Bhargava,37,Female,Belgaum,Himachal Pradesh,Sikkim
31,Rhea Lata,23,Female,Erode,Punjab,Gujarat
32,Ayesha Rajan,44,Female,Ambala,Sikkim,Rajasthan
33,Sara Bassi,33,Female,Siliguri,Haryana,West Bengal
34,Dishani Deshmukh,28,Female,Shimla,Karnataka,Tripura
35,Saanvi Srivastava,45,Female,Bangalore,Tamil Nadu,West Bengal
36,Jiya Iyer,21,Female,Karaikudi,Punjab,Telangana
37,Nitara Ramakrishnan,39,Female,Dindigul,Rajasthan,Jharkhand
38,Vivaan Rama,47,Female,Darbhanga,Telangana,Himachal Pradesh
39,Shalv Gupta,26,Female,Bellary,Uttar Pradesh,Odisha
40,Riaan Datta,27,Female,Pudukkottai,Nagaland,Mizoram
41,Yashvi Sekhon,54,Female,Gandhinagar,Odisha,Andhra Pradesh
42,Rania Dhar,33,Female,Chennai,West Bengal,Chhattisgarh
43,Arnav Rajan,36,Female,Visakhapatnam,Rajasthan,West Bengal
44,Gokul Deshpande,23,Female,Visakhapatnam,Karnataka,Meghalaya
45,Indrans Chaudhry,21,Female,Sagar,Himachal Pradesh,Odisha
46,Sana Roy,25,Male,Meerut,Arunachal Pradesh,Assam
47,Shray Sama,23,Female,Phusro,Telangana,West Bengal
48,Parinaaz Tella,48,Female,Bahraich,Telangana,Bihar
49,Vanya Madan,37,Female,Kollam,Haryana,Odisha
50,Shaan Saini,45,Female,Kishanganj,Manipur,Bihar
51,Zain Gola,53,Female,Nanded,Jharkhand,Tamil Nadu
52,Piya Lall,29,Female,Mirzapur,Rajasthan,Sikkim
53,Tushar Aggarwal,33,Female,Uluberia,Bihar,Punjab
54,Divyansh Soman,50,Female,Sultan Pur Majra,Punjab,Tamil Nadu
55,Fateh Comar,34,Female,Uluberia,Haryana,Mizoram
56,Siya Hegde,27,Female,Bulandshahr,Meghalaya,Goa
57,Yasmin Jain,33,Female,Tiruvottiyur,Tripura,Madhya Pradesh
58,Bhamini Chadha,42,Female,Bhiwandi,Himachal Pradesh,Uttar Pradesh
59,Inaaya  Doshi,40,Female,Lucknow,Karnataka,Odisha
60,Samiha Bajaj,35,Female,Gurgaon,Tamil Nadu,Mizoram
61,Elakshi Taneja,37,Female,Sultan Pur Majra,Sikkim,Nagaland
62,Emir Sinha,43,Female,Jamnagar,Andhra Pradesh,Mizoram
63,Oorja Kapoor,45,Female,Durg,Rajasthan,Odisha
64,Hiran Sodhi,44,Male,Ballia,Tripura,Madhya Pradesh
65,Badal Bahl,48,Male,Bhiwandi,Gujarat,Uttar Pradesh
66,Vedika Luthra,34,Female,Miryalaguda,Rajasthan,Sikkim
67,Arhaan Sachdev,20,Female,Chandigarh,Andhra Pradesh,Assam
68,Bhavin Khatri,44,Female,Katni,Chhattisgarh,West Bengal
69,Nayantara Sehgal,26,Female,Jaipur,Gujarat,Manipur
70,Nayantara Shankar,28,Female,Anantapur,Jharkhand,Manipur
71,Purab Iyer,43,Male,Gurgaon,Nagaland,Rajasthan
72,Keya Sethi,20,Female,Shimla,Haryana,Sikkim
73,Tara Chadha,27,Male,Asansol,Odisha,Telangana
74,Jayan Magar,43,Female,Kumbakonam,Chhattisgarh,Gujarat
75,Armaan Lal,30,Female,Ghaziabad,Arunachal Pradesh,Punjab
76,Aayush Kohli,36,Female,Thane,Tripura,Madhya Pradesh
77,Yakshit Sekhon,27,Male,Gulbarga,Nagaland,Meghalaya
78,Dhanuk Upadhyay,54,Female,Aizawl,Kerala,Assam
79,Anaya Kaur,54,Male,Malda,Nagaland,Goa
80,Kartik Tiwari,52,Female,Farrukhabad,Mizoram,Sikkim
81,Ishaan Lad,24,Female,Agartala,Goa,West Bengal
82,Miraan Buch,47,Male,Jalna,Rajasthan,Chhattisgarh
83,Miraan Rout,26,Female,Gudivada,Uttarakhand,Telangana
84,Ishita Varma,28,Female,Dibrugarh,Jharkhand,Meghalaya
85,Ahana  Ganesh,27,Female,Nagercoil,Madhya Pradesh,Karnataka
86,Anika D’Alia,31,Male,Bally,Odisha,Andhra Pradesh
87,Faiyaz Lall,53,Male,Farrukhabad,Andhra Pradesh,Manipur
88,Indranil Swamy,52,Female,Morbi,Karnataka,Kerala
89,Aarav Sachdeva,42,Female,Mau,Uttarakhand,Himachal Pradesh
90,Mishti Srinivas,43,Male,Kishanganj,Uttar Pradesh,Bihar
91,Yakshit Sarna,54,Female,Kanpur,Bihar,Chhattisgarh
92,Jivin Mane,41,Female,Shivpuri,Madhya Pradesh,Andhra Pradesh
93,Heer Apte,46,Male,Mau,Jharkhand,Chhattisgarh
94,Trisha Sant,54,Female,Bongaigaon,Himachal Pradesh,Jharkhand
95,Yuvaan Sharaf,20,Female,Ulhasnagar,Punjab,Meghalaya
96,Siya Bose,54,Female,Durg,Rajasthan,Assam
97,Reyansh Dayal,33,Male,Hazaribagh,Meghalaya,Haryana
98,Divit Saxena,22,Male,Mira-Bhayandar,Assam,Arunachal Pradesh
99,Miraan Varughese,20,Male,Nagaon,Chhattisgarh,Kerala
100,Trisha Kant,24,Female,Rajkot,Goa,Chhattisgarh
101,Neysa Tella,45,Male,Bardhaman,Karnataka,Jharkhand
102,Bhavin Balakrishnan,33,Male,Phagwara,West Bengal,Bihar
103,Rati Khalsa,46,Female,Kulti,Assam,Karnataka
104,Ira Chand,28,Male,Silchar,Himachal Pradesh,Telangana
105,Shalv Sha,34,Female,Kavali,Telangana,Kerala
106,Dhanush Baria,34,Female,Buxar,Andhra Pradesh,Telangana
107,Vivaan Chopra,45,Female,Bhusawal,Sikkim,Uttar Pradesh
108,Pihu Devan,32,Female,Nandyal,Uttar Pradesh,Odisha
109,Vaibhav Suresh,51,Female,Dehradun,Gujarat,Tamil Nadu
110,Sahil Varty,51,Female,Nadiad,Gujarat,Maharashtra
111,Divij Dasgupta,23,Female,Saharsa,Meghalaya,Haryana
112,Advik Virk,49,Female,Jehanabad,Kerala,Assam
113,Pari Badami,42,Female,Aligarh,Haryana,Madhya Pradesh
114,Anay Brahmbhatt,34,Female,Korba,Jharkhand,Arunachal Pradesh
115,Hansh Mani,48,Female,Munger,Meghalaya,Jharkhand
116,Anahi Bhatnagar,32,Male,Aurangabad,Andhra Pradesh,Uttar Pradesh
117,Hunar Dara,51,Female,Unnao,Andhra Pradesh,Assam
118,Nehmat Mahajan,26,Female,Delhi,Haryana,Punjab
119,Tarini Balay,41,Male,Kolkata,Assam,Jharkhand
120,Vihaan Manne,47,Female,Jaunpur,Gujarat,West Bengal
121,Jivin Kale,21,Female,Aurangabad,Madhya Pradesh,Uttar Pradesh
122,Zaina Hayre,25,Female,Gandhidham,Goa,Maharashtra
123,Arnav Dugar,47,Male,Shahjahanpur,Odisha,West Bengal
124,Dharmajan Chaudhari,47,Female,Agartala,Bihar,Haryana
125,Neysa Raj,39,Male,Nagaon,Uttar Pradesh,Manipur
126,Ira Walia,49,Female,Dhanbad,Bihar,Odisha
127,Bhavin Bhagat,30,Male,Karnal,Rajasthan,Nagaland
128,Prerak Cheema,47,Male,Baranagar,Odisha,Maharashtra
129,Rania Doshi,44,Male,Bilaspur,Assam,Jharkhand
130,Taran Devan,52,Female,Guwahati,Madhya Pradesh,Bihar
131,Priyansh Sibal,20,Female,Bidhannagar,Jharkhand,Gujarat
132,Emir Srivastava,46,Female,Bhopal,Gujarat,Karnataka
133,Indrajit Chandra,32,Female,Jammu,Chhattisgarh,Arunachal Pradesh
134,Zaina Keer,22,Female,Jamshedpur,Gujarat,Manipur
135,Kavya Tella,25,Male,Kalyan-Dombivli,Telangana,Arunachal Pradesh
136,Emir Kannan,27,Male,Bilaspur,Uttar Pradesh,West Bengal
137,Damini Khurana,46,Female,Nashik,Bihar,Rajasthan
138,Tanya Raja,28,Female,Sambhal,Arunachal Pradesh,Kerala
139,Ishaan Ramanathan,52,Female,Mangalore,Jharkhand,Sikkim
140,Vritika Bava,43,Female,Loni,Rajasthan,Mizoram
141,Shalv Bali,34,Female,Panchkula,Gujarat,Arunachal Pradesh
142,Neysa Devan,51,Female,Surendranagar Dudhrej,Jharkhand,Maharashtra
143,Priyansh Sarin,51,Female,Begusarai,Jharkhand,Kerala
144,Divit Mandal,43,Female,Bidar,Haryana,Meghalaya
145,Amira Gaba,31,Female,Agartala,Odisha,Jharkhand
146,Saira Raj,21,Female,Saharsa,Arunachal Pradesh,Maharashtra
147,Saira Shenoy,22,Female,Dehri,Assam,Nagaland
148,Umang Bhatnagar,36,Female,Fatehpur,Goa,Haryana
149,Kartik Goel,21,Male,Gurgaon,Manipur,Uttarakhand
150,Nirvaan Golla,21,Female,Dharmavaram,Madhya Pradesh,Karnataka
151,Shamik Dugal,47,Female,Bhilwara,Uttar Pradesh,Punjab
152,Misha De,42,Female,Junagadh,Mizoram,Madhya Pradesh
153,Aarna Mane,51,Female,Satna,Bihar,Sikkim
154,Kiaan Gera,52,Male,Dhule,Mizoram,Telangana
155,Siya Karnik,20,Male,Imphal,Haryana,Goa
156,Oorja Badami,38,Female,Pune,Arunachal Pradesh,Mizoram
157,Ranbir Kala,21,Female,Deoghar,Manipur,Mizoram
158,Shray Chopra,45,Male,Bhiwandi,Telangana,Himachal Pradesh
159,Miraan Sastry,51,Male,Nanded,Odisha,Madhya Pradesh
160,Zaina Batra,25,Female,Purnia,West Bengal,Himachal Pradesh
161,Yasmin Anand,51,Female,Bidhannagar,Punjab,Rajasthan
162,Rhea Chaudhry,23,Female,Sagar,Himachal Pradesh,Manipur
163,Advik Iyer,30,Male,Nandyal,Odisha,Jharkhand
164,Ishaan Dass,36,Female,Yamunanagar,Karnataka,Meghalaya
165,Vivaan Tara,43,Male,Satara,Punjab,West Bengal
166,Anahi Sant,24,Female,Bhind,Kerala,Punjab
167,Nakul Setty,53,Female,Ballia,Madhya Pradesh,Himachal Pradesh
168,Hiran Tank,25,Female,Gandhinagar,Uttar Pradesh,Tamil Nadu
169,Priyansh Mani,41,Female,Jamnagar,Karnataka,Himachal Pradesh
170,Vidur Khare,30,Female,Thiruvananthapuram,Mizoram,Rajasthan
171,Vardaniya Butala,35,Female,Bhatpara,Uttar Pradesh,Goa
172,Myra Banik,52,Female,Jaipur,Rajasthan,Goa
173,Navya Doshi,28,Female,Asansol,Gujarat,Himachal Pradesh
174,Elakshi Kale,25,Female,Nagercoil,Punjab,Kerala
175,Shalv Sekhon,35,Female,Rohtak,Odisha,Tripura
176,Emir Date,48,Male,South Dumdum,Tripura,West Bengal
177,Dhanuk Hegde,22,Male,Udaipur,Chhattisgarh,West Bengal
178,Damini Dalal,39,Male,Buxar,Manipur,Chhattisgarh
179,Adira Thaker,38,Male,Nandyal,West Bengal,Tripura
180,Jayan Rama,45,Female,Howrah,Uttarakhand,Haryana
181,Ishita Andra,22,Female,Gurgaon,Arunachal Pradesh,Telangana
182,Adah Bhatia,38,Female,Sambalpur,Sikkim,Tripura
183,Himmat Seth,39,Female,Hospet,Himachal Pradesh,Punjab
184,Himmat Sachar,51,Female,New Delhi,Nagaland,Mizoram
185,Devansh Sodhi,26,Male,Bilaspur,West Bengal,Arunachal Pradesh
186,Amani Luthra,52,Female,Berhampur,Goa,Assam
187,Lavanya Tailor,37,Female,Bhavnagar,Manipur,Chhattisgarh
188,Hiran Rajagopal,20,Female,Etawah,Uttar Pradesh,Tamil Nadu
189,Hazel Mandal,30,Female,Junagadh,Kerala,Tamil Nadu
190,Zara Mane,47,Female,Katihar,Arunachal Pradesh,Madhya Pradesh
191,Miraya Ahluwalia,44,Female,Chandrapur,Punjab,Karnataka
192,Indrajit Deep,42,Male,Ghaziabad,Punjab,Odisha
193,Vaibhav Gara,50,Female,Anantapuram,Karnataka,Maharashtra
194,Baiju Chandra,49,Female,Barasat,Karnataka,West Bengal
195,Pranay Saxena,54,Male,Ambattur,Tripura,Bihar
196,Jivin Mander,26,Male,Bally,Uttar Pradesh,Uttarakhand
197,Vardaniya Bir,35,Male,Durgapur,Gujarat,Assam
198,Hazel Goda,45,Male,Malda,Nagaland,Tripura
199,Ryan Agrawal,21,Female,Avadi,Gujarat,Gujarat
200,Shayak Yohannan,20,Female,Bhatpara,Madhya Pradesh,Tripura
201,Sumer Verma,31,Female,Bhiwandi,Haryana,Haryana
202,Keya Gour,24,Female,Tinsukia,Punjab,Rajasthan
203,Mohanlal Suri,51,Female,Howrah,Nagaland,Manipur
204,Shaan Karpe,28,Female,Kirari Suleman Nagar,Andhra Pradesh,Maharashtra
205,Seher Bal,54,Female,Patna,Goa,Odisha
206,Veer Bahl,38,Female,Rampur,Manipur,Tripura
207,Shray Varkey,35,Female,Nanded,Meghalaya,Karnataka
208,Lavanya Sachdev,22,Female,Etawah,Manipur,Andhra Pradesh
209,Gokul Babu,39,Female,Singrauli,Sikkim,Bihar
210,Mannat Rajagopalan,43,Female,Shimla,Jharkhand,Himachal Pradesh
211,Nitara Choudhary,52,Male,Jehanabad,Kerala,Goa
212,Amani Savant,43,Female,Narasaraopet,Bihar,Kerala
213,Darshit Bobal,30,Female,Hajipur,Uttarakhand,Kerala
214,Taran Bal,27,Female,Sri Ganganagar,Uttar Pradesh,Odisha
215,Akarsh Ganguly,39,Male,Anand,Maharashtra,Karnataka
216,Advika Walla,54,Female,Bidar,Gujarat,Mizoram
217,Rasha Aggarwal,44,Female,Farrukhabad,Chhattisgarh,Andhra Pradesh
218,Aarush Gole,54,Female,Amravati,Himachal Pradesh,Meghalaya
219,Hansh Raja,44,Female,Madanapalle,Tamil Nadu,Sikkim
220,Samar Tripathi,48,Male,Deoghar,West Bengal,Meghalaya
221,Jayant Maharaj,37,Male,Ongole,Jharkhand,Maharashtra
222,Hridaan Chandran,37,Female,Korba,Uttarakhand,Kerala
223,Mehul Dewan,21,Male,Bhind,Jharkhand,Haryana
224,Inaaya  Babu,54,Male,Jaipur,Telangana,Manipur
225,Mannat Khatri,35,Female,Akola,Arunachal Pradesh,Manipur
226,Nakul Swamy,52,Male,Coimbatore,Sikkim,Karnataka
227,Jayesh Setty,23,Female,Hajipur,Telangana,Uttar Pradesh
228,Zain Buch,52,Female,Etawah,Jharkhand,Rajasthan
229,Gokul Kamdar,33,Female,Haldia,Mizoram,Madhya Pradesh
230,Zaina Shan,40,Female,Bareilly,Bihar,Mizoram
231,Madhav Shere,39,Female,Vellore,Jharkhand,Haryana
232,Aayush Bhasin,27,Male,Vellore,Meghalaya,West Bengal
233,Dishani Chander,26,Male,Parbhani,Meghalaya,West Bengal
234,Shray Barad,22,Female,Eluru,Assam,Punjab
235,Tara Yadav,36,Male,Nadiad,Manipur,Bihar
236,Kabir Dhawan,52,Female,Bally,Telangana,Telangana
237,Yuvaan Sarkar,31,Female,Junagadh,Kerala,Haryana
238,Vanya Kala,41,Female,Thoothukudi,West Bengal,Nagaland
239,Darshit Hora,41,Female,Udaipur,Rajasthan,West Bengal
240,Anahi Kade,49,Male,Ambarnath,Telangana,Maharashtra
241,Devansh Bhargava,27,Male,Vijayawada,Rajasthan,Meghalaya
242,Mehul Raj,46,Female,Imphal,Sikkim,Madhya Pradesh
243,Riaan Thakkar,46,Female,Anantapuram,Mizoram,Gujarat
244,Veer Grover,53,Female,Shivpuri,Chhattisgarh,Tripura
245,Shamik Bobal,40,Female,Kozhikode,Goa,Arunachal Pradesh
246,Reyansh Sastry,49,Male,Faridabad,Tripura,Chhattisgarh
247,Reyansh Bail,52,Female,Tirupati,Uttar Pradesh,Jharkhand
248,Samarth Chatterjee,47,Female,Tadipatri,Sikkim,Madhya Pradesh
249,Anvi Bakshi,52,Female,Tinsukia,Maharashtra,Nagaland
250,Manikya Kade,24,Female,Junagadh,Bihar,Madhya Pradesh
251,Fateh Chand,38,Female,Kumbakonam,Uttarakhand,Jharkhand
252,Aarush Agate,23,Female,Bareilly,Gujarat,Chhattisgarh
253,Madhup Khosla,54,Female,Tenali,West Bengal,Maharashtra
254,Armaan Sarraf,36,Female,Bhatpara,Chhattisgarh,Tamil Nadu
255,Anya Sankar,47,Male,Howrah,Gujarat,Tamil Nadu
256,Stuvan Brahmbhatt,49,Female,Shivpuri,Maharashtra,Himachal Pradesh
257,Anahi Yohannan,48,Female,Jaipur,Punjab,Arunachal Pradesh
258,Umang Varma,25,Male,Ramgarh,Goa,Gujarat
259,Advik Sem,54,Female,Warangal,Odisha,Tamil Nadu
260,Mamooty Viswanathan,43,Male,Hajipur,Maharashtra,Gujarat
261,Mishti Kapur,48,Female,Danapur,Sikkim,Kerala
262,Rasha Ratti,50,Female,Mysore,Uttarakhand,Maharashtra
263,Indrajit Jhaveri,54,Female,Sangli-Miraj & Kupwad,Bihar,Chhattisgarh
264,Ehsaan Agarwal,52,Female,Delhi,Maharashtra,Goa
265,Yasmin Kata,40,Female,Saharsa,Karnataka,Madhya Pradesh
266,Shayak Biswas,51,Female,Motihari,Jharkhand,Goa
267,Nirvi Handa,42,Female,Ozhukarai,Telangana,Assam
268,Rhea Gandhi,52,Female,Cuttack,Assam,Rajasthan
269,Charvi Lala,22,Female,Bhind,Nagaland,Sikkim
270,Nayantara Bhalla,37,Male,Begusarai,Mizoram,Goa
271,Ehsaan Walla,44,Male,Rajkot,Haryana,Bihar
272,Yashvi Borde,50,Male,Medininagar,Kerala,Odisha
273,Lavanya Gill,22,Female,Hajipur,Goa,Assam
274,Yashvi Bassi,43,Female,Gopalpur,Chhattisgarh,Maharashtra
275,Akarsh Doctor,51,Female,Tirupati,Jharkhand,Bihar
276,Mohanlal Arora,41,Female,Kolkata,Maharashtra,Manipur
277,Onkar Chanda,42,Female,Rewa,Nagaland,Haryana
278,Neysa Balakrishnan,21,Female,Tiruchirappalli,Manipur,Himachal Pradesh
279,Kashvi Krishnan,46,Female,Tiruppur,Tamil Nadu,Madhya Pradesh
280,Myra Bumb,21,Female,Mangalore,Odisha,Goa
281,Navya Kanda,45,Female,Jhansi,Punjab,Assam
282,Tejas Shenoy,36,Female,Ichalkaranji,Meghalaya,Karnataka
283,Rasha Hans,52,Female,Kharagpur,Meghalaya,Chhattisgarh
284,Akarsh Mand,28,Male,Ahmednagar,Bihar,Meghalaya
285,Indrans Soman,48,Female,Bareilly,Meghalaya,Haryana
286,Diya Solanki,45,Female,Ramgarh,Gujarat,Haryana
287,Aaryahi Kannan,54,Female,Medininagar,Tamil Nadu,Arunachal Pradesh
288,Anay Thaker,44,Male,Burhanpur,Uttarakhand,Uttar Pradesh
289,Jiya Rajagopalan,43,Female,Rajpur Sonarpur,Sikkim,Odisha
290,Bhavin Agate,32,Female,Bhusawal,Gujarat,Karnataka
291,Shray Mand,26,Female,Bathinda,Haryana,Punjab
292,Badal Kala,39,Female,Vadodara,Mizoram,Maharashtra
293,Hrishita Zachariah,20,Female,Guntakal,Goa,Chhattisgarh
294,Rasha Ratti,27,Female,Sagar,Gujarat,Uttar Pradesh
295,Neelofar Thakur,35,Male,Guwahati,Uttar Pradesh,Uttarakhand
296,Pari D’Alia,33,Female,Gwalior,Kerala,Punjab
297,Riya Lalla,31,Female,Anantapur,Madhya Pradesh,Chhattisgarh
298,Madhup Agrawal,42,Male,Malegaon,Punjab,Jharkhand
299,Nehmat Halder,34,Female,Coimbatore,Telangana,Nagaland
300,Eshani Baral,47,Female,Shahjahanpur,Punjab,Bihar
301,Anika Ramaswamy,53,Female,Nandyal,Rajasthan,Bihar
302,Vivaan Rama,21,Female,Ozhukarai,Odisha,Punjab
303,Seher Gandhi,51,Male,Gandhidham,Odisha,Bihar
304,Amani Gola,42,Female,Sasaram,Tripura,Gujarat
305,Stuvan Batta,41,Male,Aligarh,Odisha,Uttarakhand
306,Nitara Gopal,44,Female,Begusarai,Tamil Nadu,Gujarat
307,Uthkarsh Balakrishnan,41,Female,Begusarai,Meghalaya,Himachal Pradesh
308,Dhanush Dixit,41,Female,Durgapur,Nagaland,Goa
309,Elakshi Khurana,25,Female,Saharanpur,Uttar Pradesh,West Bengal
310,Oorja Edwin,34,Female,Machilipatnam,Nagaland,Chhattisgarh
311,Inaaya  Sastry,52,Male,Ulhasnagar,Sikkim,Chhattisgarh
312,Shaan Kala,27,Female,Aurangabad,Rajasthan,Assam
313,Onkar Shroff,24,Male,Vasai-Virar,West Bengal,Bihar
314,Divyansh Trivedi,23,Female,Parbhani,Chhattisgarh,Maharashtra
315,Lavanya Shan,25,Male,Kavali,West Bengal,Arunachal Pradesh
316,Miraan Gaba,51,Female,Pudukkottai,Chhattisgarh,Rajasthan
317,Kanav Din,49,Female,Dindigul,Gujarat,Arunachal Pradesh
318,Mannat Hayer,54,Male,Bidhannagar,Tripura,Rajasthan
319,Aniruddh Bose,35,Female,Navi Mumbai,Uttarakhand,Uttar Pradesh
320,Jayesh Majumdar,32,Female,Kota,Tripura,West Bengal
321,Mehul Lad,49,Female,Ramgarh,Gujarat,West Bengal
322,Anay Tiwari,38,Female,Ahmednagar,Mizoram,Maharashtra
323,Shlok Lad,36,Male,Gandhinagar,Nagaland,Karnataka
324,Prisha Devan,38,Female,Dewas,West Bengal,Nagaland
325,Damini Rajan,47,Male,Giridih,Telangana,Kerala
326,Darshit Sachdeva,45,Female,New Delhi,Mizoram,Gujarat
327,Dhruv Swaminathan,45,Female,Morbi,Jharkhand,Bihar
328,Nitara Halder,42,Female,Bulandshahr,Meghalaya,Jharkhand
329,Darshit Dada,28,Female,Raipur,Andhra Pradesh,Nagaland
330,Badal Kalita,31,Female,Pune,Rajasthan,Sikkim
331,Nayantara Saha,20,Female,Sikar,Rajasthan,Nagaland
332,Zaina Chad,20,Female,Kozhikode,Assam,Nagaland
333,Saksham Manda,53,Female,Yamunanagar,Sikkim,Uttarakhand
334,Lakshit Vaidya,51,Female,Jamnagar,Manipur,Manipur
335,Tara Loke,44,Female,Siliguri,Manipur,Kerala
336,Onkar Rau,20,Male,Anantapuram,Uttarakhand,Bihar
337,Aradhya Solanki,35,Female,Jehanabad,Meghalaya,Karnataka
338,Vaibhav Yadav,24,Female,Phusro,Assam,Arunachal Pradesh
339,Sana Luthra,41,Female,Rohtak,Goa,Himachal Pradesh
340,Vritika Majumdar,48,Female,Aligarh,Kerala,Manipur
341,Keya Dora,22,Female,Bhagalpur,Goa,Kerala
342,Yuvaan Vala,31,Female,Coimbatore,Bihar,Punjab
343,Hazel Saha,45,Female,Sambalpur,Tamil Nadu,Andhra Pradesh
344,Manjari Mall,35,Female,Tumkur,Madhya Pradesh,Assam
345,Zoya Mani,41,Female,Kota,Himachal Pradesh,Sikkim
346,Hazel Sama,48,Male,Suryapet,Telangana,Maharashtra
347,Prerak Lal,33,Female,Tadipatri,Arunachal Pradesh,Rajasthan
348,Kavya Gola,47,Female,Tiruchirappalli,Kerala,Punjab
349,Misha Swamy,24,Female,Vijayanagaram,Manipur,Andhra Pradesh
350,Zaina Bains,49,Female,Bettiah,Tripura,Gujarat
351,Kanav Borde,24,Female,Sangli-Miraj & Kupwad,Uttarakhand,Himachal Pradesh
352,Darshit Roy,31,Male,Bahraich,Rajasthan,Bihar
353,Jayan Sagar,35,Female,Bhiwandi,Uttar Pradesh,Manipur
354,Vanya Bajaj,45,Female,Kulti,Sikkim,Mizoram
355,Kaira Dhaliwal,45,Female,Buxar,Karnataka,Haryana
356,Tejas Barman,40,Female,Amroha,Goa,Mizoram
357,Mishti Dara,52,Female,Machilipatnam,Telangana,Karnataka
358,Badal Subramanian,49,Female,Bardhaman,Tamil Nadu,Meghalaya
359,Miraya Dutta,42,Female,Ongole,Bihar,Tamil Nadu
360,Suhana Raja,29,Female,Berhampore,Goa,Manipur
361,Kabir Thakkar,24,Female,Firozabad,Tripura,Arunachal Pradesh
362,Bhavin Bhatia,53,Female,Hajipur,Karnataka,Haryana
363,Nirvi Chakrabarti,50,Female,Mangalore,Uttarakhand,Madhya Pradesh
364,Vihaan Bahri,29,Female,Aurangabad,Uttarakhand,Chhattisgarh
365,Rohan Vala,38,Female,Machilipatnam,Jharkhand,Manipur
366,Amani Acharya,51,Female,Tenali,Bihar,Telangana
367,Ahana  Khalsa,20,Female,Tiruppur,Assam,Chhattisgarh
368,Yakshit Gade,24,Female,Jalna,West Bengal,Kerala
369,Ivan Swamy,23,Male,Mahbubnagar,Kerala,Assam
370,Abram Chadha,35,Female,Ambala,Kerala,Chhattisgarh
371,Shayak Sen,43,Female,Ratlam,Meghalaya,Punjab
372,Rania Borah,35,Female,Belgaum,Meghalaya,Assam
373,Anay Trivedi,21,Female,Miryalaguda,Mizoram,Manipur
374,Indranil Zachariah,47,Female,Pune,Tripura,Jharkhand
375,Zoya Shan,51,Female,Kharagpur,Karnataka,Rajasthan
376,Jiya Chakrabarti,46,Male,Madhyamgram,Madhya Pradesh,Maharashtra
377,Neysa Seth,39,Female,Ahmedabad,West Bengal,Assam
378,Divij Khanna,43,Female,Aurangabad,Himachal Pradesh,Rajasthan
379,Zaina Krishnamurthy,31,Female,New Delhi,Tamil Nadu,Gujarat
380,Aniruddh Sami,54,Male,Madhyamgram,Arunachal Pradesh,Maharashtra
381,Adah Sankaran,52,Female,Kadapa,Andhra Pradesh,Uttarakhand
382,Khushi Bhat,52,Male,Ahmedabad,Punjab,Himachal Pradesh
383,Biju Savant,31,Female,Tumkur,Manipur,West Bengal
384,Anahita Shan,22,Male,Nellore,Himachal Pradesh,Haryana
385,Elakshi Kuruvilla,20,Female,Gandhinagar,West Bengal,Goa
386,Arhaan Madan,52,Male,Agartala,Telangana,Mizoram
387,Aarush Singhal,29,Female,Bettiah,Himachal Pradesh,Karnataka
388,Hridaan Brar,48,Male,Sagar,Tripura,Madhya Pradesh
389,Mannat Chanda,32,Female,Indore,Arunachal Pradesh,Assam
390,Pranay Dubey,31,Female,Darbhanga,Maharashtra,Assam
391,Nirvi Varty,50,Female,Bahraich,Bihar,Chhattisgarh
392,Saanvi Kari,21,Female,Pimpri-Chinchwad,Rajasthan,Rajasthan
393,Manikya Chaudhry,54,Female,Chandrapur,Uttar Pradesh,Tamil Nadu
394,Krish Banerjee,42,Female,Serampore,Sikkim,Assam
395,Elakshi Mahajan,36,Female,Bardhaman,Bihar,Mizoram
396,Pihu Rege,45,Female,Bhind,Maharashtra,Assam
397,Tejas Shukla,27,Male,Bangalore,Sikkim,Mizoram
398,Farhan Kar,48,Female,Noida,Odisha,Himachal Pradesh
399,Jivika Chandran,45,Male,Ludhiana,Kerala,Tamil Nadu
400,Ranbir Viswanathan,29,Female,Naihati,Telangana,Nagaland
401,Shaan Varty,45,Female,Dehradun,Chhattisgarh,Uttarakhand
402,Farhan Keer,53,Male,Orai,Nagaland,Punjab
403,Charvi Bassi,26,Female,Buxar,Madhya Pradesh,Mizoram
404,Abram Kunda,23,Female,Munger,Haryana,Andhra Pradesh
405,Mishti Chaudry,30,Female,Kanpur,Nagaland,West Bengal
406,Eshani Mall,48,Female,Howrah,Haryana,Goa
407,Taimur Sule,44,Female,Jaunpur,Sikkim,Goa
408,Aaryahi Sule,40,Male,Siliguri,Tamil Nadu,Assam
409,Rasha Ghose,29,Male,Rourkela,Rajasthan,Goa
410,Jivin Seth,28,Female,Indore,Tripura,Assam
411,Onkar Sunder,43,Female,Silchar,Assam,Kerala
412,Mehul Srinivasan,54,Female,Jalandhar,Rajasthan,Odisha
413,Samarth Anand,54,Female,Mumbai,Telangana,Tripura
414,Shayak Sankar,37,Female,Bijapur,Assam,Madhya Pradesh
415,Ryan Sarin,51,Female,Bhind,West Bengal,Assam
416,Ishita Agrawal,43,Female,Naihati,Nagaland,Telangana
417,Tara Batra,42,Male,Pondicherry,Nagaland,Manipur
418,Samiha Shah,51,Female,Meerut,Kerala,Maharashtra
419,Damini Dara,31,Female,Malda,Sikkim,Tripura
420,Piya Dutta,32,Female,Jaipur,Assam,Sikkim
421,Kabir Viswanathan,42,Female,Katihar,Meghalaya,Telangana
422,Kanav Chandra,44,Female,Danapur,Karnataka,Uttar Pradesh
423,Miraya Sane,54,Male,Jaipur,Kerala,Sikkim
424,Prerak Din,49,Female,Raurkela Industrial Township,Uttar Pradesh,West Bengal
425,Siya Bhakta,36,Male,Mirzapur,Andhra Pradesh,Assam
426,Umang Kade,39,Female,Kochi,Madhya Pradesh,Odisha
427,Baiju Korpal,44,Female,Pondicherry,Punjab,Telangana
428,Damini Grewal,41,Female,Moradabad,Andhra Pradesh,Tamil Nadu
429,Gatik Aggarwal,32,Female,Purnia,Assam,Nagaland
430,Samiha Loke,38,Male,Davanagere,Andhra Pradesh,Chhattisgarh
431,Ishaan Sarin,31,Male,Rajkot,Andhra Pradesh,Chhattisgarh
432,Arhaan Sawhney,38,Female,Dhanbad,Sikkim,Madhya Pradesh
433,Rasha Kapur,31,Female,Aligarh,Tripura,Rajasthan
434,Ishaan Raj,28,Female,Jalgaon,Sikkim,Maharashtra
435,Fateh Dar,26,Male,Firozabad,Nagaland,Maharashtra
436,Romil Johal,47,Female,Jammu,Andhra Pradesh,Odisha
437,Ritvik Bhatt,33,Female,Raichur,Manipur,Haryana
438,Khushi Baria,50,Female,Thiruvananthapuram,Nagaland,Rajasthan
439,Mannat Dugar,38,Female,Motihari,Gujarat,Meghalaya
440,Sahil Borah,35,Female,Nanded,Telangana,Rajasthan
441,Shray Borah,24,Female,Bahraich,Odisha,Himachal Pradesh
442,Oorja Dhaliwal,54,Male,Kirari Suleman Nagar,Sikkim,Andhra Pradesh
443,Vanya Kant,31,Female,Ghaziabad,Nagaland,Himachal Pradesh
444,Charvi Tandon,44,Female,Kulti,Uttarakhand,West Bengal
445,Veer Gala,40,Male,Uluberia,Haryana,Telangana
446,Lavanya Raval,42,Female,Bijapur,Uttarakhand,Gujarat
447,Advika Mahajan,35,Male,Nagaon,Meghalaya,Mizoram
448,Anvi Garg,33,Female,Dhanbad,Uttarakhand,Meghalaya
449,Tanya Uppal,50,Female,Bahraich,Manipur,Assam
450,Khushi Karpe,24,Male,Darbhanga,Odisha,Mizoram
451,Advik Kohli,54,Female,Sultan Pur Majra,Uttar Pradesh,Maharashtra
452,Gokul Sandal,42,Female,Tezpur,Telangana,West Bengal
453,Jayesh Handa,48,Female,Alwar,Himachal Pradesh,Rajasthan
454,Anahi Mangat,30,Female,Burhanpur,Tripura,Telangana
455,Arhaan Shah,37,Female,Suryapet,Madhya Pradesh,Haryana
456,Baiju Chaudhary,31,Female,Mysore,Punjab,Tripura
457,Shanaya Rana,28,Male,Madurai,Kerala,Goa
458,Ishita Bhandari,29,Female,Tadipatri,Jharkhand,Manipur
459,Samar Sur,36,Female,Karnal,Nagaland,Assam
460,Jivika Jha,26,Female,Hospet,Punjab,Sikkim
461,Lakshay Srivastava,32,Female,Srikakulam,Andhra Pradesh,Gujarat
462,Krish Shere,28,Female,Orai,Rajasthan,Arunachal Pradesh
463,Divit Devan,46,Male,Kirari Suleman Nagar,Goa,Rajasthan
464,Samarth Johal,21,Female,Vijayanagaram,West Bengal,Himachal Pradesh
465,Umang Chatterjee,24,Female,Kakinada,Uttar Pradesh,Sikkim
466,Rasha Shroff,48,Female,Saharanpur,Tripura,Andhra Pradesh
467,Anay Sarraf,38,Female,Bijapur,Karnataka,Goa
468,Ishaan Sundaram,27,Female,Darbhanga,Chhattisgarh,Himachal Pradesh
469,Hridaan Grover,20,Female,Hapur,Odisha,Andhra Pradesh
470,Uthkarsh Buch,41,Male,Amroha,Arunachal Pradesh,Karnataka
471,Rania Gupta,36,Female,Bettiah,Tripura,Arunachal Pradesh
472,Yuvaan Gokhale,26,Female,Jaunpur,Karnataka,Maharashtra
473,Jhanvi Singhal,44,Female,Ambarnath,Haryana,Kerala
474,Pranay Balakrishnan,23,Female,Chandigarh,Uttar Pradesh,Punjab
475,Zeeshan Rajan,25,Female,Sri Ganganagar,Manipur,Meghalaya
476,Arhaan Sarraf,50,Female,Mira-Bhayandar,Rajasthan,Meghalaya
477,Sumer Chacko,38,Female,Muzaffarnagar,Goa,Telangana
478,Hridaan Hayre,46,Female,Raurkela Industrial Township,Bihar,Manipur
479,Dishani Din,29,Female,Hapur,Odisha,Himachal Pradesh
480,Adira Wadhwa,45,Female,Vijayawada,Sikkim,Bihar
481,Bhavin Goyal,38,Male,Nashik,Assam,Uttarakhand
482,Arhaan Walla,22,Male,Karnal,Assam,Gujarat
483,Saanvi Rajan,32,Female,Visakhapatnam,Karnataka,Tamil Nadu
484,Jiya Mallick,47,Male,Rajahmundry,Jharkhand,Goa
485,Vaibhav Chaudry,39,Female,Surat,Manipur,Tripura
486,Suhana Arya,47,Female,Davanagere,Goa,Telangana
487,Riaan Khare,27,Female,Bettiah,Uttar Pradesh,Meghalaya
488,Aarna Sharma,20,Female,Nandyal,Assam,Uttarakhand
489,Pihu Bath,22,Female,Kulti,Bihar,Andhra Pradesh
490,Raghav Rege,32,Male,Mira-Bhayandar,Nagaland,Himachal Pradesh
491,Advik Chander,47,Female,Mira-Bhayandar,Nagaland,Chhattisgarh
492,Riya Sawhney,44,Female,Bhusawal,West Bengal,Tripura
493,Manikya Sur,52,Female,Malegaon,Tamil Nadu,Uttar Pradesh
494,Vardaniya Seshadri,25,Male,Arrah,Telangana,Jharkhand
495,Charvi Doctor,51,Female,Chandrapur,Tamil Nadu,Bihar
496,Nirvaan Zacharia,40,Female,Firozabad,Odisha,Madhya Pradesh
497,Ehsaan Sheth,35,Female,Ambarnath,Karnataka,Manipur
498,Damini Jayaraman,40,Female,Mumbai,Meghalaya,Madhya Pradesh
499,Ishita Swamy,30,Male,Jalgaon,Jharkhand,Haryana
500,Kanav Dhillon,54,Male,Jorhat,Haryana,Tripura
501,Saanvi Deep,38,Female,Amritsar,Mizoram,Madhya Pradesh
502,Veer Kade,39,Male,Junagadh,Jharkhand,Madhya Pradesh
503,Krish Chada,37,Female,Naihati,Tamil Nadu,Jharkhand
504,Aniruddh Ram,33,Male,Anantapur,Punjab,West Bengal
505,Rania Uppal,34,Female,Shimla,Gujarat,Kerala
506,Amani Khatri,50,Female,South Dumdum,Mizoram,Punjab
507,Inaaya  Lalla,20,Female,Suryapet,Manipur,Manipur
508,Tanya Dash,22,Female,Sikar,Punjab,Haryana
509,Adah Sane,35,Female,Tezpur,Kerala,West Bengal
510,Eshani Subramanian,42,Female,Raipur,Karnataka,Assam
511,Khushi Sule,30,Female,Aurangabad,Punjab,Rajasthan
512,Farhan Krishnan,31,Female,Alappuzha,Punjab,Punjab
513,Kimaya Kibe,29,Female,Kollam,Karnataka,Karnataka
514,Ritvik Iyer,51,Female,Sasaram,Maharashtra,Assam
515,Dhanuk Mall,35,Male,Ahmednagar,Madhya Pradesh,Odisha
516,Gatik Bhargava,27,Female,Saharanpur,Haryana,Mizoram
517,Ahana  Chahal,31,Female,Bahraich,Jharkhand,Haryana
518,Tara Handa,43,Female,Malda,Assam,Goa
519,Ishaan Krishna,47,Male,Shahjahanpur,Madhya Pradesh,Nagaland
520,Rasha Subramanian,27,Female,Tadipatri,Meghalaya,Kerala
521,Madhup Andra,47,Female,Ghaziabad,Haryana,Rajasthan
522,Aarush Kamdar,45,Male,Imphal,Madhya Pradesh,Kerala
523,Aarush Tak,27,Male,Burhanpur,Odisha,Telangana
524,Krish Bhat,47,Female,Shimla,Manipur,Telangana
525,Gokul Vig,47,Female,Belgaum,Arunachal Pradesh,Uttarakhand
526,Sumer Yadav,46,Female,Thiruvananthapuram,Arunachal Pradesh,Tamil Nadu
527,Tara Solanki,36,Male,Kamarhati,Tripura,Nagaland
528,Mohanlal Talwar,28,Female,Sri Ganganagar,Mizoram,Meghalaya
529,Samiha Khatri,52,Female,Ghaziabad,Gujarat,Jharkhand
530,Renee Raman,39,Male,Bhatpara,Jharkhand,Tamil Nadu
531,Yakshit Ratta,32,Female,Danapur,Tamil Nadu,Gujarat
532,Ishita Gera,47,Female,Gulbarga,Assam,Mizoram
533,Baiju Chanda,48,Female,Rampur,Uttarakhand,Madhya Pradesh
534,Vaibhav Kadakia,32,Female,Kochi,Tamil Nadu,Sikkim
535,Diya Chauhan,54,Female,Rajpur Sonarpur,Maharashtra,Nagaland
536,Rasha Gade,25,Female,Suryapet,Madhya Pradesh,Odisha
537,Hazel Luthra,37,Female,Gulbarga,Arunachal Pradesh,Jharkhand
538,Ritvik Saha,24,Female,Patiala,Tamil Nadu,Meghalaya
539,Samaira Chacko,44,Male,Panchkula,Manipur,Meghalaya
540,Mamooty Saxena,21,Female,Hazaribagh,Nagaland,Himachal Pradesh
541,Dharmajan Devan,29,Male,Gurgaon,Telangana,Bihar
542,Ryan Mahajan,49,Female,Thiruvananthapuram,Uttar Pradesh,Maharashtra
543,Piya Bail,24,Male,Danapur,Manipur,Andhra Pradesh
544,Miraan Kadakia,52,Male,Mehsana,Madhya Pradesh,Himachal Pradesh
545,Vardaniya Srivastava,20,Female,Ahmednagar,Jharkhand,Rajasthan
546,Indrajit Gade,37,Female,Thiruvananthapuram,Nagaland,Rajasthan
547,Jhanvi Samra,51,Male,Thane,Arunachal Pradesh,Sikkim
548,Aaryahi Chopra,30,Female,Amravati,Madhya Pradesh,Goa
549,Taran Mand,40,Female,Bhopal,Kerala,Uttarakhand
550,Mehul Kulkarni,45,Female,Vasai-Virar,Madhya Pradesh,Goa
551,Ishita Sarraf,44,Male,Jabalpur,Maharashtra,West Bengal
552,Krish Wagle,41,Female,Tadepalligudem,Kerala,Mizoram
553,Renee Sarraf,46,Male,Panchkula,Kerala,Jharkhand
554,Miraya Balasubramanian,32,Female,Aurangabad,Himachal Pradesh,Assam
555,Abram Verma,52,Male,Pune,Punjab,Andhra Pradesh
556,Yashvi Talwar,53,Female,Bangalore,Tamil Nadu,Gujarat
557,Mohanlal Gandhi,54,Female,Rajpur Sonarpur,Meghalaya,Kerala
558,Kanav Venkatesh,20,Female,Noida,Kerala,West Bengal
559,Anaya Edwin,40,Female,Alappuzha,Kerala,Punjab
560,Azad Bava,25,Female,Alwar,Goa,Odisha
561,Miraya Bhagat,47,Female,Coimbatore,Mizoram,Himachal Pradesh
562,Rania Sengupta,36,Female,Burhanpur,Telangana,West Bengal
563,Mahika Kadakia,24,Female,Solapur,Meghalaya,Arunachal Pradesh
564,Vidur Kade,50,Female,Aizawl,Tripura,Karnataka
565,Kiaan Arora,24,Female,Bijapur,Goa,Nagaland
566,Jhanvi Loyal,22,Female,Purnia,Himachal Pradesh,Andhra Pradesh
567,Jayant Tata,42,Female,Mau,Tamil Nadu,Arunachal Pradesh
568,Tanya Kulkarni,29,Female,Loni,Uttar Pradesh,Uttarakhand
569,Hunar Loke,29,Female,Motihari,Chhattisgarh,Andhra Pradesh
570,Aarna Roy,38,Female,Muzaffarnagar,Manipur,Nagaland
571,Azad Majumdar,36,Female,Haridwar,Tamil Nadu,Mizoram
572,Shamik Sidhu,40,Female,Amroha,Chhattisgarh,Manipur
573,Baiju Chauhan,33,Female,Tiruchirappalli,Punjab,Odisha
574,Dishani Yohannan,28,Male,Dewas,Haryana,Arunachal Pradesh
575,Vanya Madan,20,Female,Malda,Maharashtra,Punjab
576,Pari Ravel,32,Female,Bhusawal,Tamil Nadu,Assam
577,Yuvaan Vasa,23,Female,Pimpri-Chinchwad,Telangana,Punjab
578,Kabir Acharya,20,Female,Dewas,Andhra Pradesh,Tamil Nadu
579,Elakshi Kumar,51,Female,Sultan Pur Majra,Kerala,Uttar Pradesh
580,Alia Grewal,53,Female,Unnao,Uttarakhand,Haryana
581,Jayesh Gandhi,47,Female,Nagaon,Sikkim,Rajasthan
582,Zara Sahni,50,Female,Tadipatri,Nagaland,Assam
583,Nirvaan Date,27,Female,Sasaram,Maharashtra,West Bengal
584,Kiaan Gandhi,45,Female,Thane,Assam,Kerala
585,Jayan Ranganathan,53,Male,Bilaspur,Arunachal Pradesh,Sikkim
586,Arnav Keer,22,Female,Sambalpur,Himachal Pradesh,Mizoram
587,Eva De,31,Male,Mysore,Mizoram,Sikkim
588,Aniruddh Raman,20,Female,Medininagar,Jharkhand,Nagaland
589,Jhanvi Sangha,24,Female,Rewa,Meghalaya,Madhya Pradesh
590,Mamooty Kunda,49,Female,Bhubaneswar,Uttar Pradesh,Chhattisgarh
591,Rasha Dewan,49,Female,Nellore,Himachal Pradesh,Chhattisgarh
592,Yuvaan Hora,36,Male,Bardhaman,Kerala,West Bengal
593,Jivika Venkataraman,42,Female,Delhi,Sikkim,Rajasthan
594,Dishani Mahal,34,Male,Aurangabad,Manipur,Assam
595,Abram Khosla,40,Female,Ahmednagar,Goa,Meghalaya
596,Samarth Rastogi,33,Male,Motihari,Punjab,Goa
597,Zoya Ravel,21,Female,Solapur,Maharashtra,Odisha
598,Alia Guha,30,Female,Allahabad,Meghalaya,Tamil Nadu
599,Mehul Wagle,53,Female,Purnia,Arunachal Pradesh,Tripura
600,Jayan Lad,53,Female,Bahraich,Jharkhand,Maharashtra
601,Advika Gola,37,Female,Jehanabad,Mizoram,Tamil Nadu
602,Mehul Hans,49,Female,Arrah,Tripura,Maharashtra
603,Seher Golla,34,Male,Kurnool,Karnataka,Madhya Pradesh
604,Raghav Joshi,46,Female,Kishanganj,Andhra Pradesh,Haryana
605,Adah Samra,53,Female,Kishanganj,Bihar,Assam
606,Prerak Sarraf,52,Female,Dindigul,Tripura,Assam
607,Ivan Jain,43,Female,Salem,Gujarat,Chhattisgarh
608,Kaira Dhingra,34,Female,Kollam,Chhattisgarh,Jharkhand
609,Indrajit Krishna,49,Female,Gangtok,Arunachal Pradesh,Karnataka
610,Lavanya Sharma,36,Female,Kadapa,Andhra Pradesh,Arunachal Pradesh
611,Anvi Dugar,24,Female,Varanasi,Manipur,Punjab
612,Divit Virk,48,Female,Bhilai,Nagaland,Maharashtra
613,Tiya Bora,23,Female,Arrah,West Bengal,Madhya Pradesh
614,Saira Rout,29,Female,Nanded,Himachal Pradesh,Uttarakhand
615,Samiha Dutt,36,Female,Kulti,Nagaland,Rajasthan
616,Parinaaz Gour,29,Female,Tenali,Kerala,Meghalaya
617,Dishani Hayre,36,Female,Thoothukudi,Maharashtra,Arunachal Pradesh
618,Nitya Barman,39,Female,Gwalior,Bihar,Andhra Pradesh
619,Mahika Ramakrishnan,43,Male,Rohtak,Haryana,West Bengal
620,Mamooty Varkey,24,Female,Guna,Maharashtra,Tripura
621,Mohanlal Rege,53,Male,Erode,Kerala,Kerala
622,Faiyaz Thaker,25,Female,Mira-Bhayandar,Odisha,Tripura
623,Anaya Date,21,Female,Surendranagar Dudhrej,Uttar Pradesh,West Bengal
624,Sumer Buch,32,Female,Ozhukarai,Andhra Pradesh,Arunachal Pradesh
625,Piya Sethi,30,Male,Kamarhati,West Bengal,Andhra Pradesh
626,Aaina Cheema,42,Female,Aligarh,Kerala,Punjab
627,Zeeshan Deol,35,Male,Silchar,Madhya Pradesh,Maharashtra
628,Zoya Mander,50,Male,Srinagar,Gujarat,Uttar Pradesh
629,Chirag Baria,30,Female,Faridabad,Gujarat,Kerala
630,Eshani Vyas,35,Female,Mau,Odisha,Karnataka
631,Kismat Khatri,27,Female,Raiganj,Bihar,Chhattisgarh
632,Renee Badal,23,Female,Vellore,Mizoram,Bihar
633,Riaan Ratta,23,Male,Raichur,Mizoram,Goa
634,Siya Dasgupta,44,Male,Bijapur,Tripura,Tamil Nadu
635,Darshit Deshpande,22,Female,Amritsar,Karnataka,Sikkim
636,Purab Khatri,51,Female,Bellary,Manipur,Arunachal Pradesh
637,Ahana  Ghosh,22,Male,Gorakhpur,Meghalaya,Karnataka
638,Samaira Cheema,46,Female,Satna,Sikkim,Assam
639,Priyansh Sura,48,Male,Pimpri-Chinchwad,Chhattisgarh,Bihar
640,Zain Soman,51,Female,Karawal Nagar,Meghalaya,Maharashtra
641,Yashvi Loyal,38,Female,Ranchi,Haryana,Kerala
642,Nirvi Kulkarni,40,Female,Machilipatnam,Bihar,Jharkhand
643,Mishti Reddy,24,Female,Hindupur,Haryana,Bihar
644,Himmat Aurora,37,Female,Phagwara,Madhya Pradesh,Madhya Pradesh
645,Riya Baria,47,Female,Yamunanagar,Arunachal Pradesh,Tamil Nadu
646,Divit Vaidya,41,Female,Shimla,Manipur,Andhra Pradesh
647,Ritvik Ahluwalia,40,Female,Jamnagar,Kerala,Madhya Pradesh
648,Kabir Sane,25,Male,Madurai,Himachal Pradesh,Arunachal Pradesh
649,Alia Sani,20,Female,Bathinda,Meghalaya,Manipur
650,Khushi Chakraborty,24,Female,Guntakal,Sikkim,Sikkim
651,Nitya Bhardwaj,31,Female,Bhilwara,Tamil Nadu,Punjab
652,Vaibhav Edwin,45,Female,Eluru,Bihar,Odisha
653,Divit Sagar,53,Female,Tiruvottiyur,Meghalaya,West Bengal
654,Shalv Suri,33,Female,Kurnool,Andhra Pradesh,Arunachal Pradesh
655,Hansh Shanker,45,Female,Khammam,Maharashtra,West Bengal
656,Anaya Walia,46,Female,Hapur,West Bengal,Goa
657,Tejas Boase,28,Female,Mirzapur,Andhra Pradesh,Assam
658,Yasmin Saran,45,Female,Khandwa,Goa,Madhya Pradesh
659,Anika Tandon,41,Male,Surendranagar Dudhrej,Madhya Pradesh,Haryana
660,Keya Raman,49,Female,Naihati,Himachal Pradesh,Telangana
661,Saira Bhatt,36,Female,Baranagar,Jharkhand,Madhya Pradesh
662,Armaan Kohli,45,Female,Amravati,Manipur,Assam
663,Azad Joshi,20,Female,Vijayanagaram,Mizoram,Jharkhand
664,Kashvi Lata,27,Female,Bhubaneswar,Karnataka,Andhra Pradesh
665,Indrajit Swamy,54,Female,Bokaro,Sikkim,Punjab
666,Diya Chad,34,Male,Hindupur,Uttarakhand,Kerala
667,Ryan Dhar,41,Female,Sangli-Miraj & Kupwad,Chhattisgarh,Madhya Pradesh
668,Vivaan Acharya,33,Female,Rajpur Sonarpur,Arunachal Pradesh,Punjab
669,Drishya Bajaj,45,Female,Bikaner,Madhya Pradesh,Assam
670,Jayan Sharaf,47,Female,Ballia,Uttar Pradesh,Gujarat
671,Amani Mammen,42,Female,Pune,Maharashtra,Meghalaya
672,Navya Saxena,33,Female,Hospet,Meghalaya,Jharkhand
673,Zaina Kadakia,43,Female,Munger,Sikkim,Arunachal Pradesh
674,Dhanuk Behl,21,Male,Shimoga,Goa,Odisha
675,Kabir Sachdev,45,Female,Bidar,Tripura,Maharashtra
676,Mamooty Mallick,33,Female,Tirupati,Gujarat,Rajasthan
677,Neelofar Sarma,26,Female,Sagar,Madhya Pradesh,Tamil Nadu
678,Tejas Guha,22,Female,Burhanpur,Chhattisgarh,West Bengal
679,Ivan Rao,42,Female,Darbhanga,Meghalaya,Tamil Nadu
680,Alia Rege,37,Female,Tiruvottiyur,Rajasthan,Goa
681,Mishti Bir,54,Female,Dehradun,Maharashtra,Arunachal Pradesh
682,Urvi Din,34,Male,Dehri,Andhra Pradesh,Tripura
683,Ela Goyal,44,Female,Nagaon,Arunachal Pradesh,Haryana
684,Kanav Bava,47,Female,Gopalpur,Jharkhand,Assam
685,Krish Varughese,29,Male,Vellore,Sikkim,Uttar Pradesh
686,Raunak Virk,36,Female,Sasaram,Sikkim,Jharkhand
687,Siya Chakrabarti,41,Female,Vasai-Virar,Sikkim,Manipur
688,Vritika Deshmukh,45,Female,Kollam,Himachal Pradesh,Tripura
689,Elakshi Dixit,44,Female,Madhyamgram,Assam,Telangana
690,Advik Ramakrishnan,36,Female,Visakhapatnam,Karnataka,Rajasthan
691,Piya Chopra,32,Male,Raebareli,Maharashtra,Andhra Pradesh
692,Vanya Kothari,39,Female,Arrah,Nagaland,Arunachal Pradesh
693,Urvi Rana,44,Female,Pimpri-Chinchwad,Sikkim,Punjab
694,Vihaan Gill,23,Female,Phusro,Andhra Pradesh,Gujarat
695,Baiju Kant,29,Female,Tadepalligudem,Goa,Uttar Pradesh
696,Hazel Tara,22,Female,Bhopal,Mizoram,Nagaland
697,Jivika Mahajan,37,Female,Gwalior,Bihar,Nagaland
698,Vaibhav Choudhury,41,Male,Tiruchirappalli,Gujarat,Madhya Pradesh
699,Azad Wagle,53,Female,Singrauli,Chhattisgarh,Mizoram
700,Alisha Singh,27,Female,Munger,Tamil Nadu,Haryana
701,Stuvan Kari,38,Female,Patna,Uttar Pradesh,Goa
702,Adah Kala,25,Female,South Dumdum,Jharkhand,Haryana
703,Dhruv Bajwa,45,Female,Yamunanagar,Kerala,Gujarat
704,Dishani Shukla,53,Female,Gaya,Andhra Pradesh,Telangana
705,Adah Cherian,25,Female,Dehradun,Mizoram,Karnataka
706,Damini Ghose,52,Female,Bihar Sharif,Jharkhand,Haryana
707,Taimur Boase,41,Female,Gudivada,Haryana,Karnataka
708,Azad Date,40,Male,Bokaro,Meghalaya,Bihar
709,Yuvraj  Sankar,25,Male,Bharatpur,Karnataka,Gujarat
710,Arhaan Loke,25,Female,Vasai-Virar,Arunachal Pradesh,Madhya Pradesh
711,Jhanvi Bawa,23,Female,Saharanpur,Sikkim,Jharkhand
712,Kashvi Sood,49,Female,Bokaro,Arunachal Pradesh,Bihar
713,Prisha Dutta,30,Male,Karawal Nagar,Tripura,Haryana
714,Eva Raju,49,Male,Panipat,West Bengal,Manipur
715,Tarini Karnik,50,Female,Kozhikode,Telangana,Haryana
716,Darshit Kuruvilla,43,Male,Warangal,Karnataka,Bihar
717,Madhav Hora,28,Female,Farrukhabad,Sikkim,Andhra Pradesh
718,Ela Suresh,22,Female,Dehri,Odisha,Tripura
719,Mannat Kaul,50,Female,Proddatur,Gujarat,Telangana
720,Gatik Ramanathan,43,Female,Bidhannagar,Uttar Pradesh,Tripura
721,Hansh Ram,50,Female,Mathura,Tamil Nadu,Himachal Pradesh
722,Hiran Dhingra,25,Male,Bhilai,Rajasthan,Nagaland
723,Rania Das,21,Male,Amravati,Tripura,Tripura
724,Anahita Bhardwaj,39,Female,Bettiah,Telangana,Meghalaya
725,Aaryahi Amble,47,Female,Belgaum,Maharashtra,Tripura
726,Saksham Loyal,30,Female,Tumkur,Tripura,Tripura
727,Chirag Doshi,23,Female,Raipur,Manipur,Rajasthan
728,Arnav Lata,34,Female,Secunderabad,Madhya Pradesh,Telangana
729,Zoya Vasa,25,Female,Haldia,West Bengal,Maharashtra
730,Madhav Bhat,49,Male,Mau,Tripura,Goa
731,Adah Sama,21,Female,Dharmavaram,West Bengal,Haryana
732,Renee Wagle,34,Female,Dharmavaram,Tamil Nadu,West Bengal
733,Ryan Luthra,30,Female,Guna,West Bengal,Arunachal Pradesh
734,Ira Ghosh,27,Female,Ozhukarai,Mizoram,Mizoram
735,Shalv Wable,45,Female,Udupi,Uttarakhand,Jharkhand
736,Pihu Wali,24,Female,Agartala,Himachal Pradesh,Tamil Nadu
737,Amani Solanki,25,Male,Gandhidham,Tamil Nadu,Himachal Pradesh
738,Indranil Kala,45,Female,Serampore,Odisha,Madhya Pradesh
739,Chirag Mane,23,Male,Nagaon,Tamil Nadu,Madhya Pradesh
740,Divyansh Kashyap,38,Male,Morbi,Odisha,West Bengal
741,Jivin Apte,39,Female,Mysore,Manipur,Punjab
742,Jivin Ramaswamy,52,Male,Buxar,Sikkim,West Bengal
743,Kiara Varghese,39,Female,Ghaziabad,Punjab,Andhra Pradesh
744,Romil Banerjee,31,Male,Etawah,Nagaland,Meghalaya
745,Azad Manda,20,Female,Varanasi,Nagaland,Sikkim
746,Yuvaan Chatterjee,45,Male,Bidar,Assam,Uttar Pradesh
747,Sahil Sawhney,33,Male,Bongaigaon,Nagaland,Tripura
748,Vritika Dixit,30,Male,Siwan,Nagaland,Himachal Pradesh
749,Adah Karpe,32,Male,Tiruvottiyur,Arunachal Pradesh,Tamil Nadu
750,Nishith Ganesan,22,Female,Asansol,Karnataka,Manipur
751,Mohanlal Baria,52,Female,Nagpur,Nagaland,Madhya Pradesh
752,Manikya Bala,25,Female,Morbi,Haryana,Manipur
753,Seher Anand,29,Female,Alwar,Chhattisgarh,Assam
754,Lakshit Sur,24,Female,Singrauli,Kerala,Andhra Pradesh
755,Amira Banik,42,Female,Srikakulam,Karnataka,Manipur
756,Dharmajan Suri,29,Male,Alappuzha,Meghalaya,Maharashtra
757,Tiya Tella,21,Female,Nashik,Manipur,Uttarakhand
758,Divyansh Keer,32,Male,Panvel,Manipur,Goa
759,Anika Tella,21,Female,Ajmer,Maharashtra,Himachal Pradesh
760,Nirvaan Saran,39,Male,Kumbakonam,Nagaland,Arunachal Pradesh
761,Vivaan Sethi,20,Male,Tumkur,Manipur,Rajasthan
762,Saira Vaidya,28,Female,Haldia,Haryana,Assam
763,Sara Sastry,36,Female,Barasat,Andhra Pradesh,Goa
764,Eshani Kaul,28,Female,Sultan Pur Majra,Manipur,Sikkim
765,Divij Chana,30,Female,Dharmavaram,Odisha,Jharkhand
766,Anahi Kade,34,Female,Bhusawal,Sikkim,West Bengal
767,Prisha Rajagopal,43,Female,Jorhat,Odisha,Nagaland
768,Chirag Dani,54,Female,Hapur,Meghalaya,Assam
769,Seher Sachdev,49,Female,Bharatpur,Tamil Nadu,Arunachal Pradesh
770,Charvi Butala,50,Female,Karnal,Goa,Jharkhand
771,Alia Ben,24,Female,Rajkot,Chhattisgarh,Maharashtra
772,Myra Khatri,33,Female,Khora ,Tamil Nadu,Haryana
773,Biju Dugar,30,Male,Chittoor,Haryana,Rajasthan
774,Inaaya  Sarin,28,Female,Bhusawal,Jharkhand,Mizoram
775,Akarsh Deep,53,Male,Rampur,Goa,Telangana
776,Yakshit Mangat,31,Female,Ichalkaranji,Goa,Assam
777,Amani Zachariah,54,Female,Karawal Nagar,Chhattisgarh,Maharashtra
778,Shayak Dara,54,Female,Bhilwara,Karnataka,Manipur
779,Fateh Kar,20,Female,Ichalkaranji,Chhattisgarh,Telangana
780,Aradhya Suri,41,Female,Tezpur,Punjab,Uttar Pradesh
781,Hiran Biswas,48,Female,Mira-Bhayandar,Chhattisgarh,Assam
782,Vivaan Sidhu,27,Female,Srinagar,Odisha,Sikkim
783,Anahita Borde,30,Female,Katni,Madhya Pradesh,Sikkim
784,Ranbir Dey,33,Female,Mathura,Arunachal Pradesh,Rajasthan
785,Diya Ratta,49,Female,Thiruvananthapuram,Andhra Pradesh,Uttarakhand
786,Anahita Iyengar,54,Female,Kishanganj,Assam,Manipur
787,Aniruddh Rastogi,40,Male,Secunderabad,Odisha,Andhra Pradesh
788,Lakshay Maharaj,24,Female,Bangalore,Telangana,Sikkim
789,Eshani Khatri,38,Female,Karaikudi,Manipur,Arunachal Pradesh
790,Indrajit Shetty,33,Male,Berhampur,Arunachal Pradesh,Gujarat
791,Anahi Bail,45,Female,Surendranagar Dudhrej,Sikkim,Madhya Pradesh
792,Yashvi Bail,23,Female,Firozabad,Tamil Nadu,Goa
793,Hunar Desai,44,Male,Raipur,Meghalaya,Bihar
794,Akarsh Tank,44,Female,Gudivada,Gujarat,Nagaland
795,Sumer Bhalla,37,Female,Udaipur,Odisha,Madhya Pradesh
796,Stuvan Mane,27,Female,Pudukkottai,Uttar Pradesh,Tripura
797,Veer Chatterjee,33,Female,Dehradun,Rajasthan,Tripura
798,Nitya Chatterjee,51,Female,Dhule,Himachal Pradesh,Himachal Pradesh
799,Krish Sood,52,Female,Kurnool,Arunachal Pradesh,Himachal Pradesh
800,Ehsaan Apte,42,Female,Shivpuri,Jharkhand,Tamil Nadu
801,Mamooty Din,34,Female,Visakhapatnam,Tamil Nadu,Rajasthan
802,Zara Yogi,52,Male,Motihari,Maharashtra,West Bengal
803,Taimur Magar,44,Male,Ambattur,Bihar,Punjab
804,Indrans Trivedi,36,Female,Silchar,Telangana,Bihar
805,Shalv Chaudhuri,52,Female,Khandwa,Nagaland,Jharkhand
806,Urvi Vaidya,21,Female,Davanagere,Mizoram,Andhra Pradesh
807,Siya Vasa,33,Female,Kota,Odisha,Assam
808,Vedika Sodhi,25,Female,Tadepalligudem,Gujarat,Nagaland
809,Vidur Kakar,25,Female,Allahabad,Uttarakhand,Himachal Pradesh
810,Neelofar Bobal,22,Male,Tinsukia,Uttarakhand,Assam
811,Indrans Balakrishnan,26,Female,Tiruchirappalli,Tamil Nadu,Telangana
812,Damini Balan,27,Female,Durg,Andhra Pradesh,Kerala
813,Saira Johal,34,Female,Ahmednagar,Haryana,Nagaland
814,Bhavin Loyal,48,Female,Kavali,Gujarat,Uttarakhand
815,Purab Thakkar,52,Male,Ambattur,Himachal Pradesh,Manipur
816,Priyansh Chana,49,Female,Howrah,Karnataka,Tripura
817,Zara Chadha,46,Female,Mehsana,Andhra Pradesh,Uttarakhand
818,Aaryahi Kashyap,48,Female,Guwahati,Manipur,Maharashtra
819,Rati Anne,52,Female,Sambhal,Uttar Pradesh,West Bengal
820,Adira Ghosh,46,Female,Thoothukudi,Chhattisgarh,Tripura
821,Shalv Khatri,52,Female,Ambarnath,Himachal Pradesh,Manipur
822,Faiyaz Bhatti,23,Female,Purnia,Karnataka,Kerala
823,Urvi Seth,41,Female,Bahraich,Tamil Nadu,Haryana
824,Vihaan Rattan,21,Female,Machilipatnam,Himachal Pradesh,Odisha
825,Rasha Sachdev,29,Female,Latur,Punjab,Haryana
826,Samiha Bhardwaj,24,Female,Morbi,Gujarat,Arunachal Pradesh
827,Mamooty Shere,29,Female,Bulandshahr,Arunachal Pradesh,Odisha
828,Taran Borde,52,Female,Buxar,Arunachal Pradesh,Chhattisgarh
829,Vedika Saraf,32,Male,Orai,Arunachal Pradesh,Uttar Pradesh
830,Reyansh Rout,50,Male,Jammu,Manipur,West Bengal
831,Eva D’Alia,43,Male,Siwan,Tripura,Tamil Nadu
832,Nitya Kade,34,Female,Tadepalligudem,Tripura,Odisha
833,Ritvik Thaman,48,Female,Sangli-Miraj & Kupwad,Karnataka,Haryana
834,Hazel Dhawan,27,Female,Bhilwara,Bihar,Meghalaya
835,Inaaya  Bahl,24,Female,Orai,West Bengal,Rajasthan
836,Pari Kale,48,Male,Bareilly,Telangana,Telangana
837,Mohanlal Walia,23,Female,Guntakal,Gujarat,Sikkim
838,Keya Sachdev,31,Female,Delhi,Arunachal Pradesh,Bihar
839,Sara Kadakia,21,Female,Bijapur,Tripura,Himachal Pradesh
840,Kimaya Keer,46,Female,Bhubaneswar,Telangana,Nagaland
841,Anahi Ramanathan,50,Female,Sultan Pur Majra,Tamil Nadu,Tamil Nadu
842,Dhruv Kapadia,45,Female,Vellore,Gujarat,Maharashtra
843,Kiara Khosla,46,Female,Narasaraopet,Assam,Punjab
844,Samaira Dada,24,Female,Firozabad,Karnataka,Chhattisgarh
845,Shlok Rana,39,Female,Bettiah,Himachal Pradesh,Jharkhand
846,Tara Keer,30,Male,Warangal,Telangana,Punjab
847,Nakul Sani,29,Male,Khandwa,Bihar,Bihar
848,Hazel Bajwa,25,Male,Hosur,Kerala,Gujarat
849,Hiran Sura,27,Male,Parbhani,Odisha,Punjab
850,Kismat Walla,42,Female,Panihati,Manipur,Tamil Nadu
851,Ivan Dani,45,Female,Hindupur,Bihar,Chhattisgarh
852,Diya Rattan,31,Female,Raurkela Industrial Township,Arunachal Pradesh,Rajasthan
853,Urvi Bali,45,Female,Gulbarga,Arunachal Pradesh,Jharkhand
854,Rhea Upadhyay,32,Male,Gwalior,Madhya Pradesh,Assam
855,Priyansh Solanki,37,Female,Bhavnagar,Uttar Pradesh,Bihar
856,Biju Vala,44,Male,Ahmednagar,Chhattisgarh,Kerala
857,Divij Basak,52,Female,Srikakulam,Maharashtra,Arunachal Pradesh
858,Vivaan Cheema,31,Female,Dhule,Uttarakhand,Gujarat
859,Neysa Kaul,23,Female,Dehri,Goa,Nagaland
860,Vanya Gokhale,24,Male,Panvel,Manipur,Punjab
861,Jayesh Goel,27,Female,Jaipur,Tamil Nadu,Chhattisgarh
862,Ela Singh,47,Female,Siwan,Tripura,Punjab
863,Ehsaan Sidhu,50,Female,Ratlam,Punjab,Gujarat
864,Priyansh Barad,28,Female,Mau,Mizoram,Uttar Pradesh
865,Pari Lall,48,Female,Hosur,Mizoram,Sikkim
866,Kavya Ram,33,Female,Raurkela Industrial Township,West Bengal,Nagaland
867,Kashvi Kulkarni,41,Female,Kishanganj,Uttar Pradesh,Mizoram
868,Kartik Goel,30,Female,Coimbatore,Haryana,Maharashtra
869,Kashvi Rajan,42,Female,Bhiwandi,Haryana,Meghalaya
870,Anya Rajan,20,Female,Orai,Manipur,Sikkim
871,Aayush Wagle,40,Female,Deoghar,Sikkim,Bihar
872,Saksham Raj,45,Female,Siwan,Tripura,Haryana
873,Yasmin Sundaram,42,Female,Karnal,Haryana,Tripura
874,Aaina Kalita,20,Female,Mirzapur,Andhra Pradesh,Manipur
875,Misha Krishna,34,Male,Bhind,Telangana,West Bengal
876,Dishani Chawla,40,Female,Chandigarh,Uttarakhand,Telangana
877,Suhana Buch,28,Female,Raiganj,Jharkhand,Andhra Pradesh
878,Vritika Dayal,28,Female,Proddatur,Goa,Bihar
879,Rhea Subramaniam,29,Female,Machilipatnam,Jharkhand,Tamil Nadu
880,Faiyaz Chaudhuri,45,Female,Bhiwani,Punjab,West Bengal
881,Samiha Sundaram,54,Female,Chandigarh,Meghalaya,Assam
882,Samarth Manda,44,Female,Satna,Maharashtra,Telangana
883,Myra Chatterjee,45,Female,Tinsukia,Rajasthan,Andhra Pradesh
884,Shalv Iyengar,30,Female,Rohtak,Bihar,Sikkim
885,Tara Madan,21,Female,Varanasi,Sikkim,West Bengal
886,Indrajit Jaggi,26,Female,Shivpuri,Nagaland,Chhattisgarh
887,Mishti Biswas,37,Female,Aligarh,Tamil Nadu,Uttarakhand
888,Shamik Kade,46,Female,Madurai,Tripura,Uttar Pradesh
889,Shaan Kant,53,Female,Amritsar,Manipur,Bihar
890,Jayan Balay,46,Male,Secunderabad,Manipur,Jharkhand
891,Divij Soni,36,Female,Kurnool,Arunachal Pradesh,Goa
892,Sumer Vig,43,Female,Jaipur,Uttar Pradesh,Mizoram
893,Rania Krishnan,44,Female,Giridih,Jharkhand,Telangana
894,Aarna Srivastava,26,Female,Rampur,Kerala,Manipur
895,Rati Golla,25,Female,Jamalpur,Odisha,Arunachal Pradesh
896,Madhav Dani,43,Female,Gandhidham,Odisha,Himachal Pradesh
897,Heer Toor,52,Female,Sambhal,Odisha,Goa
898,Neysa Dara,48,Female,Burhanpur,Sikkim,Jharkhand
899,Tiya Samra,41,Female,Kadapa,Maharashtra,Jharkhand
900,Emir Mann,45,Female,Alwar,Kerala,Chhattisgarh
901,Yashvi Choudhury,47,Female,Bhavnagar,Andhra Pradesh,Andhra Pradesh
902,Aayush Dugar,40,Male,Pune,Manipur,Assam
903,Gokul Kant,26,Male,Ramgarh,Assam,Nagaland
904,Renee Sama,36,Female,Adoni,Karnataka,Goa
905,Sara Dar,39,Male,Berhampore,West Bengal,West Bengal
906,Pari Sabharwal,39,Female,Karnal,Arunachal Pradesh,Karnataka
907,Heer Hegde,41,Female,Shimoga,Kerala,Uttarakhand
908,Tiya Baria,47,Female,Mathura,Karnataka,Uttar Pradesh
909,Ishita Mannan,26,Male,Solapur,Sikkim,Bihar
910,Kimaya Bala,20,Female,Berhampur,Tripura,Andhra Pradesh
911,Bhamini Kapadia,51,Female,South Dumdum,Punjab,Himachal Pradesh
912,Tejas Gaba,32,Female,Jehanabad,Andhra Pradesh,Chhattisgarh
913,Saksham Karnik,49,Male,Proddatur,Goa,Himachal Pradesh
914,Raunak Chaudhari,42,Female,Bidhannagar,Chhattisgarh,Andhra Pradesh
915,Dhanush Bassi,38,Female,Mysore,Uttarakhand,Odisha
916,Samiha Bhatti,51,Female,Vijayanagaram,Karnataka,Andhra Pradesh
917,Navya Thaker,49,Female,Ambarnath,Goa,Tripura
918,Taimur Bail,48,Female,Gulbarga,Mizoram,Haryana
919,Ela Rege,48,Male,Gopalpur,Madhya Pradesh,Karnataka
920,Biju Ratti,49,Female,Arrah,Tamil Nadu,Andhra Pradesh
921,Yasmin Konda,35,Female,Ghaziabad,Chhattisgarh,Karnataka
922,Rati Sidhu,38,Female,Asansol,Kerala,Meghalaya
923,Kavya Dayal,37,Male,Dhanbad,Telangana,Himachal Pradesh
924,Jayan Kannan,20,Female,Deoghar,Bihar,Mizoram
925,Yasmin Ray,33,Female,Bihar Sharif,Meghalaya,Bihar
926,Dhruv Sahni,21,Male,Amaravati,Gujarat,Maharashtra
927,Raunak Brar,47,Male,Chittoor,Maharashtra,Meghalaya
928,Nehmat Hegde,49,Male,Nangloi Jat,Uttar Pradesh,Haryana
929,Eva Jaggi,23,Male,Darbhanga,Mizoram,Rajasthan
930,Samiha Soman,20,Female,Udaipur,Gujarat,Karnataka
931,Dhruv Chaudhuri,27,Female,Dindigul,Himachal Pradesh,Telangana
932,Aniruddh Khurana,48,Female,Dhule,Madhya Pradesh,Goa
933,Adah Goyal,22,Male,Ajmer,Mizoram,Uttar Pradesh
934,Umang Lad,51,Female,Kolkata,Telangana,Maharashtra
935,Jayesh Dash,29,Female,Anantapuram,Gujarat,Rajasthan
936,Aarna Raja,29,Female,Sri Ganganagar,Jharkhand,Maharashtra
937,Shayak Butala,38,Female,Kozhikode,Rajasthan,Rajasthan
938,Saira Chandra,53,Female,Bahraich,Punjab,Karnataka
939,Anay Jaggi,52,Male,Pallavaram,Mizoram,Mizoram
940,Nayantara Deep,42,Male,Akola,Jharkhand,Maharashtra
941,Ahana  Mani,47,Female,Panchkula,Gujarat,Goa
942,Mannat Balan,51,Female,Warangal,Andhra Pradesh,Rajasthan
943,Bhamini Roy,26,Female,Chandrapur,Punjab,Uttarakhand
944,Himmat Chada,48,Female,Raipur,Chhattisgarh,Gujarat
945,Renee Sabharwal,27,Male,Bellary,Chhattisgarh,Assam
946,Mishti Thaker,20,Female,Morbi,Sikkim,West Bengal
947,Anika Karpe,22,Female,Vijayawada,West Bengal,Maharashtra
948,Aaina Sami,43,Male,Bilaspur,Karnataka,Sikkim
949,Jayan Bora,42,Female,Berhampore,Gujarat,Chhattisgarh
950,Arnav Garg,27,Female,Faridabad,Mizoram,Goa
951,Miraan Devan,22,Female,South Dumdum,Sikkim,Manipur
952,Vedika Karnik,52,Female,Rourkela,Maharashtra,West Bengal
953,Rati Sundaram,47,Female,Korba,Goa,West Bengal
954,Vaibhav Chanda,27,Female,Gangtok,Rajasthan,Assam
955,Bhamini Raman,53,Female,Guwahati,Assam,Haryana
956,Abram Grewal,54,Male,Agartala,Karnataka,Assam
957,Gokul Grewal,51,Female,Imphal,Uttar Pradesh,Assam
958,Rania Balan,43,Female,Dindigul,Chhattisgarh,Telangana
959,Mamooty Bera,33,Female,Patna,Andhra Pradesh,Assam
960,Heer Sachdeva,51,Female,Madhyamgram,Assam,Chhattisgarh
961,Zara D’Alia,35,Female,Mirzapur,Maharashtra,West Bengal
962,Samiha Maharaj,23,Female,Jalandhar,Chhattisgarh,Andhra Pradesh
963,Shlok Jayaraman,40,Female,Ahmednagar,Nagaland,Telangana
964,Damini Sahni,33,Male,Jalgaon,Chhattisgarh,Maharashtra
965,Anya Batra,50,Female,Avadi,Gujarat,Odisha
966,Tanya Sami,37,Female,Vasai-Virar,Jharkhand,Kerala
967,Emir Madan,26,Male,Jalna,Meghalaya,Sikkim
968,Damini Jain,29,Female,Hajipur,Sikkim,Meghalaya
969,Kiara Buch,26,Female,Proddatur,Manipur,Bihar
970,Urvi Deo,52,Female,Serampore,Chhattisgarh,Odisha
971,Renee Grewal,42,Female,Satna,Mizoram,Himachal Pradesh
972,Rohan Ahuja,40,Female,New Delhi,Bihar,Andhra Pradesh
973,Zara Shan,38,Female,Tezpur,Gujarat,Andhra Pradesh
974,Dhruv Choudhary,38,Male,Karaikudi,Assam,Manipur
975,Charvi Dhar,48,Female,Haldia,Goa,Punjab
976,Lavanya Rout,37,Female,Bulandshahr,Jharkhand,Punjab
977,Myra Shere,21,Female,Bulandshahr,Telangana,Karnataka
978,Krish Handa,20,Female,Jalgaon,Meghalaya,Tamil Nadu
979,Jhanvi Lall,24,Female,Ulhasnagar,Arunachal Pradesh,Haryana
980,Gokul Saha,39,Female,Amroha,Chhattisgarh,Odisha
981,Kashvi Chada,30,Male,Amaravati,Karnataka,Bihar
982,Ranbir Mangal,21,Female,Bidhannagar,Bihar,Uttarakhand
983,Vaibhav Raman,22,Female,Burhanpur,Rajasthan,Himachal Pradesh
984,Dhanuk Chada,42,Female,Rajkot,Himachal Pradesh,Meghalaya
985,Shaan Chaudhary,31,Female,Darbhanga,Nagaland,Gujarat
986,Hrishita Kunda,39,Male,Pune,Nagaland,Uttar Pradesh
987,Taimur Baral,24,Male,Cuttack,Karnataka,Uttarakhand
988,Bhavin Kumar,49,Female,Kadapa,Punjab,Sikkim
989,Anahita Karnik,28,Female,Gudivada,Chhattisgarh,Kerala
990,Hansh Srinivas,53,Female,Hospet,Maharashtra,West Bengal
991,Ivan Khosla,54,Male,Gaya,Karnataka,Jharkhand
992,Charvi Bali,41,Female,Mathura,Karnataka,Uttarakhand
993,Ryan Rattan,43,Female,Sikar,Rajasthan,Goa
994,Oorja Thakur,36,Female,Silchar,Andhra Pradesh,Madhya Pradesh
995,Devansh Khatri,29,Female,Belgaum,Gujarat,Mizoram
996,Rhea Shan,49,Female,Bijapur,Madhya Pradesh,Meghalaya
997,Aarav Srinivasan,42,Female,Nashik,Uttar Pradesh,Maharashtra
998,Divyansh Shetty,51,Female,Ozhukarai,Maharashtra,Tripura
999,Shanaya Sengupta,36,Male,Guna,Madhya Pradesh,Telangana
1000,Jayant Khanna,36,Female,Medininagar,Mizoram,Assam
